mirID,baseMean,log2FoldChange,lfcSE,stat,pvalue,padj
hsa-miR-758-3p,8.040947559889036,1.074509130308442,0.41515753760685664,2.5881961255054318,0.009648003072806279,0.22287217998250514
hsa-miR-424-5p,144.87706459347447,1.230012746931801,0.47714495962763626,2.5778596674094647,0.009941436234884327,0.22287217998250514
hsa-miR-335-5p,84.97720000474924,1.085218458563879,0.4598479082367611,2.3599508427145754,0.01827735681428821,0.26533032514796173
hsa-miR-450a-5p,6.777581326908775,1.2517008870006174,0.5527964690070009,2.264306950529319,0.023555242392271844,0.28767491831621045
hsa-miR-542-5p,3.9768490590224497,1.110984572492239,0.5033197981661907,2.2073134745345424,0.027292166574141064,0.2878213643725413
hsa-miR-503-5p,3.204163076845953,1.1077602068300778,0.5272857662636946,2.1008725774632215,0.035652153229555686,0.2878213643725413
hsa-miR-187-3p,27.606456116353026,1.3137153444509324,0.6337802726436399,2.0728246068170133,0.03818860552037063,0.2878213643725413
hsa-miR-450b-5p,7.168188358525935,1.2754659804502193,0.6433092924355711,1.982663697614721,0.04740500714572159,0.31388088983922174
hsa-miR-542-3p,9.49033737877472,1.1418201734752604,0.5816391820981627,1.9631073844721771,0.04963369769112755,0.32196596002270894
