sigMirIDs,baseMean,log2FoldChange,lfcSE,stat,pvalue,padj
hsa-miR-424-5p,145.25348821231864,1.2324330245463389,0.47723730782628415,2.5824322707707257,0.009810661671586023,0.7014233113247191
hsa-miR-758-3p,8.046172245765442,1.080370245410044,0.4200590476958645,2.5719485185146276,0.010112792839168385,0.7014233113247191
hsa-miR-335-5p,85.19733791913838,1.0932954382977238,0.45976208491546,2.377959110087898,0.017408756263855716,0.7818029601195284
hsa-miR-450a-5p,6.79633203943959,1.2571703236198077,0.5665873180606457,2.2188465635322325,0.0264971649555516,0.8379018961305817
hsa-miR-542-5p,3.9833401941280213,1.119779093090354,0.520032596521969,2.153286352777789,0.031296180672126854,0.8473927462719327
hsa-miR-187-3p,27.63814718342509,1.3241105738096852,0.6364218794500206,2.0805547649523732,0.03747467798354997,0.8482603630097146
hsa-miR-503-5p,3.212865389871679,1.1222750696865391,0.5472162059202161,2.0508805432750035,0.04027858136216064,0.8573027580163641
hsa-miR-516b-5p,0.9343992100328911,2.9030864033092274,1.4680631270494293,1.97749425744652,0.047985788986870816,0.9245262011470443
